,gene,site,exon,strand,BE,target_codon,reading_frame,guide1,guide2,guide3,guide4,guide5
0,LSS,stop/gain,2.0,-,CBE,CAG,2.0,chr21:46191924-46191943,chr21:46191925-46191944,chr21:46191926-46191945,chr21:46191927-46191946,chr21:46191928-46191947
1,LSS,stop/gain,2.0,-,CBE,CAG,2.0,chr21:46191891-46191910,chr21:46191892-46191911,chr21:46191893-46191912,chr21:46191894-46191913,chr21:46191895-46191914
2,LSS,stop/gain,2.0,+,CBE,TGG,2.0,chr21:46191885-46191904,chr21:46191884-46191903,chr21:46191883-46191902,chr21:46191882-46191901,chr21:46191881-46191900
3,LSS,stop/gain,2.0,-,CBE,CAG,2.0,chr21:46191867-46191886,chr21:46191868-46191887,chr21:46191869-46191888,chr21:46191870-46191889,chr21:46191871-46191890
4,LSS,stop/gain,3.0,-,CBE,CAG,2.0,chr21:46194596-46194615,chr21:46194597-46194616,chr21:46194598-46194617,chr21:46194599-46194618,chr21:46194600-46194619
5,LSS,stop/gain,3.0,+,CBE,TGG,2.0,chr21:46194590-46194609,chr21:46194589-46194608,chr21:46194588-46194607,chr21:46194587-46194606,chr21:46194586-46194605
6,LSS,stop/gain,3.0,-,CBE,CAG,2.0,chr21:46194536-46194555,chr21:46194537-46194556,chr21:46194538-46194557,chr21:46194539-46194558,chr21:46194540-46194559
7,LSS,stop/gain,3.0,-,CBE,CAG,2.0,chr21:46194527-46194546,chr21:46194528-46194547,chr21:46194529-46194548,chr21:46194530-46194549,chr21:46194531-46194550
8,LSS,stop/gain,3.0,-,CBE,CAG,2.0,chr21:46194521-46194540,chr21:46194522-46194541,chr21:46194523-46194542,chr21:46194524-46194543,chr21:46194525-46194544
9,LSS,stop/gain,3.0,+,CBE,TGG,2.0,chr21:46194515-46194534,chr21:46194514-46194533,chr21:46194513-46194532,chr21:46194512-46194531,chr21:46194511-46194530
10,LSS,stop/gain,4.0,+,CBE,TGG,2.0,chr21:46195748-46195767,chr21:46195747-46195766,chr21:46195746-46195765,chr21:46195745-46195764,chr21:46195744-46195763
11,LSS,stop/gain,4.0,+,CBE,TGG,2.0,chr21:46195721-46195740,chr21:46195720-46195739,chr21:46195719-46195738,chr21:46195718-46195737,chr21:46195717-46195736
12,LSS,stop/gain,4.0,-,CBE,CAG,2.0,chr21:46195676-46195695,chr21:46195677-46195696,chr21:46195678-46195697,chr21:46195679-46195698,chr21:46195680-46195699
13,LSS,stop/gain,4.0,-,CBE,CGA,2.0,chr21:46195667-46195686,chr21:46195668-46195687,chr21:46195669-46195688,chr21:46195670-46195689,chr21:46195671-46195690
14,LSS,stop/gain,4.0,+,CBE,CGA,2.0,chr21:46195679-46195698,chr21:46195678-46195697,chr21:46195677-46195696,chr21:46195676-46195695,chr21:46195675-46195694
15,LSS,stop/gain,5.0,-,CBE,CAG,2.0,chr21:46196238-46196257,chr21:46196239-46196258,chr21:46196240-46196259,chr21:46196241-46196260,chr21:46196242-46196261
16,LSS,stop/gain,5.0,-,CBE,CAG,2.0,chr21:46196214-46196233,chr21:46196215-46196234,chr21:46196216-46196235,chr21:46196217-46196236,chr21:46196218-46196237
17,LSS,stop/gain,5.0,-,CBE,CAG,2.0,chr21:46196211-46196230,chr21:46196212-46196231,chr21:46196213-46196232,chr21:46196214-46196233,chr21:46196215-46196234
18,LSS,stop/gain,5.0,+,CBE,TGG,2.0,chr21:46196205-46196224,chr21:46196204-46196223,chr21:46196203-46196222,chr21:46196202-46196221,chr21:46196201-46196220
19,LSS,stop/gain,6.0,-,CBE,CAG,1.0,chr21:46205875-46205894,chr21:46205876-46205895,chr21:46205877-46205896,chr21:46205878-46205897,chr21:46205879-46205898
20,LSS,stop/gain,8.0,+,CBE,TGG,0.0,chr21:46207540-46207559,chr21:46207539-46207558,chr21:46207538-46207557,chr21:46207537-46207556,chr21:46207536-46207555
21,LSS,stop/gain,8.0,-,CBE,CAG,0.0,chr21:46207477-46207496,chr21:46207478-46207497,chr21:46207479-46207498,chr21:46207480-46207499,chr21:46207481-46207500
22,LSS,stop/gain,9.0,-,CBE,CAG,0.0,chr21:46208261-46208280,chr21:46208262-46208281,chr21:46208263-46208282,chr21:46208264-46208283,chr21:46208265-46208284
23,LSS,stop/gain,9.0,-,CBE,CAG,0.0,chr21:46208246-46208265,chr21:46208247-46208266,chr21:46208248-46208267,chr21:46208249-46208268,chr21:46208250-46208269
24,LSS,stop/gain,10.0,-,CBE,CAG,0.0,chr21:46209570-46209589,chr21:46209571-46209590,chr21:46209572-46209591,chr21:46209573-46209592,chr21:46209574-46209593
25,LSS,stop/gain,10.0,-,CBE,CAG,0.0,chr21:46209540-46209559,chr21:46209541-46209560,chr21:46209542-46209561,chr21:46209543-46209562,chr21:46209544-46209563
26,LSS,stop/gain,11.0,-,CBE,CAG,0.0,chr21:46210713-46210732,chr21:46210714-46210733,chr21:46210715-46210734,chr21:46210716-46210735,chr21:46210717-46210736
27,LSS,stop/gain,11.0,+,CBE,TGG,0.0,chr21:46210719-46210738,chr21:46210718-46210737,chr21:46210717-46210736,chr21:46210716-46210735,chr21:46210715-46210734
28,LSS,stop/gain,11.0,-,CBE,CAG,0.0,chr21:46210686-46210705,chr21:46210687-46210706,chr21:46210688-46210707,chr21:46210689-46210708,chr21:46210690-46210709
29,LSS,stop/gain,12.0,-,CBE,CAG,2.0,chr21:46213011-46213030,chr21:46213012-46213031,chr21:46213013-46213032,chr21:46213014-46213033,chr21:46213015-46213034
30,LSS,stop/gain,13.0,+,CBE,TGG,0.0,chr21:46213801-46213820,chr21:46213800-46213819,chr21:46213799-46213818,chr21:46213798-46213817,chr21:46213797-46213816
31,LSS,stop/gain,13.0,-,CBE,CAG,0.0,chr21:46213756-46213775,chr21:46213757-46213776,chr21:46213758-46213777,chr21:46213759-46213778,chr21:46213760-46213779
32,LSS,stop/gain,14.0,-,CBE,CAG,1.0,chr21:46215238-46215257,chr21:46215239-46215258,chr21:46215240-46215259,chr21:46215241-46215260,chr21:46215242-46215261
33,LSS,stop/gain,14.0,-,CBE,CAG,1.0,chr21:46215226-46215245,chr21:46215227-46215246,chr21:46215228-46215247,chr21:46215229-46215248,chr21:46215230-46215249
34,LSS,stop/gain,14.0,-,CBE,CGA,1.0,chr21:46215193-46215212,chr21:46215194-46215213,chr21:46215195-46215214,chr21:46215196-46215215,chr21:46215197-46215216
35,LSS,stop/gain,14.0,+,CBE,CGA,1.0,chr21:46215205-46215224,chr21:46215204-46215223,chr21:46215203-46215222,chr21:46215202-46215221,chr21:46215201-46215220
36,LSS,stop/gain,15.0,+,CBE,TGG,0.0,chr21:46215756-46215775,chr21:46215755-46215774,chr21:46215754-46215773,chr21:46215753-46215772,chr21:46215752-46215771
37,LSS,stop/gain,15.0,-,CBE,CAG,0.0,chr21:46215735-46215754,chr21:46215736-46215755,chr21:46215737-46215756,chr21:46215738-46215757,chr21:46215739-46215758
38,LSS,stop/gain,15.0,+,CBE,TGG,0.0,chr21:46215702-46215721,chr21:46215701-46215720,chr21:46215700-46215719,chr21:46215699-46215718,chr21:46215698-46215717
39,LSS,stop/gain,16.0,+,CBE,TGG,2.0,chr21:46216507-46216526,chr21:46216506-46216525,chr21:46216505-46216524,chr21:46216504-46216523,chr21:46216503-46216522
40,LSS,stop/gain,16.0,+,CBE,TGG,2.0,chr21:46216480-46216499,chr21:46216479-46216498,chr21:46216478-46216497,chr21:46216477-46216496,chr21:46216476-46216495
41,LSS,stop/gain,16.0,-,CBE,CAG,2.0,chr21:46216453-46216472,chr21:46216454-46216473,chr21:46216455-46216474,chr21:46216456-46216475,chr21:46216457-46216476
42,LSS,stop/gain,16.0,-,CBE,CAG,2.0,chr21:46216387-46216406,chr21:46216388-46216407,chr21:46216389-46216408,chr21:46216390-46216409,chr21:46216391-46216410
43,LSS,stop/gain,16.0,-,CBE,CAG,2.0,chr21:46216375-46216394,chr21:46216376-46216395,chr21:46216377-46216396,chr21:46216378-46216397,chr21:46216379-46216398
44,LSS,stop/gain,17.0,+,CBE,TGG,1.0,chr21:46219545-46219564,chr21:46219544-46219563,chr21:46219543-46219562,chr21:46219542-46219561,chr21:46219541-46219560
45,LSS,stop/gain,17.0,+,CBE,TGG,1.0,chr21:46219533-46219552,chr21:46219532-46219551,chr21:46219531-46219550,chr21:46219530-46219549,chr21:46219529-46219548
46,LSS,stop/gain,17.0,+,CBE,TGG,1.0,chr21:46219506-46219525,chr21:46219505-46219524,chr21:46219504-46219523,chr21:46219503-46219522,chr21:46219502-46219521
47,LSS,stop/gain,18.0,-,CBE,CGA,2.0,chr21:46221865-46221884,chr21:46221866-46221885,chr21:46221867-46221886,chr21:46221868-46221887,chr21:46221869-46221888
48,LSS,stop/gain,18.0,+,CBE,CGA,2.0,chr21:46221877-46221896,chr21:46221876-46221895,chr21:46221875-46221894,chr21:46221874-46221893,chr21:46221873-46221892
49,LSS,stop/gain,19.0,-,CBE,CAG,1.0,chr21:46222639-46222658,chr21:46222640-46222659,chr21:46222641-46222660,chr21:46222642-46222661,chr21:46222643-46222662
50,LSS,stop/gain,19.0,+,CBE,TGG,1.0,chr21:46222633-46222652,chr21:46222632-46222651,chr21:46222631-46222650,chr21:46222630-46222649,chr21:46222629-46222648
51,LSS,stop/gain,20.0,-,CBE,CAG,0.0,chr21:46227593-46227612,chr21:46227594-46227613,chr21:46227595-46227614,chr21:46227596-46227615,chr21:46227597-46227616
52,LSS,stop/gain,20.0,+,CBE,TGG,0.0,chr21:46227587-46227606,chr21:46227586-46227605,chr21:46227585-46227604,chr21:46227584-46227603,chr21:46227583-46227602
53,LSS,stop/gain,21.0,-,CBE,CGA,2.0,chr21:46228570-46228589,chr21:46228571-46228590,chr21:46228572-46228591,chr21:46228573-46228592,chr21:46228574-46228593
54,LSS,stop/gain,21.0,+,CBE,CGA,2.0,chr21:46228582-46228601,chr21:46228581-46228600,chr21:46228580-46228599,chr21:46228579-46228598,chr21:46228578-46228597
55,LSS,stop/gain,21.0,+,CBE,TGG,2.0,chr21:46228537-46228556,chr21:46228536-46228555,chr21:46228535-46228554,chr21:46228534-46228553,chr21:46228533-46228552
56,LSS,stop/gain,21.0,-,CBE,CGA,2.0,chr21:46228522-46228541,chr21:46228523-46228542,chr21:46228524-46228543,chr21:46228525-46228544,chr21:46228526-46228545
57,LSS,stop/gain,21.0,+,CBE,CGA,2.0,chr21:46228534-46228553,chr21:46228533-46228552,chr21:46228532-46228551,chr21:46228531-46228550,chr21:46228530-46228549
58,LSS,stop/gain,21.0,-,CBE,CAG,2.0,chr21:46228498-46228517,chr21:46228499-46228518,chr21:46228500-46228519,chr21:46228501-46228520,chr21:46228502-46228521
59,LSS,stop/gain,21.0,+,CBE,TGG,2.0,chr21:46228504-46228523,chr21:46228503-46228522,chr21:46228502-46228521,chr21:46228501-46228520,chr21:46228500-46228519
60,LSS,stop/gain,21.0,-,CBE,CAG,2.0,chr21:46228480-46228499,chr21:46228481-46228500,chr21:46228482-46228501,chr21:46228483-46228502,chr21:46228484-46228503
61,LSS,stop/gain,21.0,-,CBE,CAG,2.0,chr21:46228456-46228475,chr21:46228457-46228476,chr21:46228458-46228477,chr21:46228459-46228478,chr21:46228460-46228479
